{
  "error": false,
  "error_message": "",
  "jobs": [
      "t0cr_LOCAL_SETUP",
      "t0cr_20081231_000_1_LOCAL_SEND_INITIAL",
      "t0cr_20081231_000_2_LOCAL_SEND_INITIAL",
      "t0cr_LOCAL_SEND_SOURCE",
      "t0cr_LOCAL_SEND_STATIC",
      "t0cr_REMOTE_COMPILE",
      "t0cr_PREPROCFIX",
      "t0cr_20081231_000_1_PREPROCVAR",
      "t0cr_20081231_000_2_PREPROCVAR",
      "t0cr_20081231_000_1_SIM",
      "t0cr_20081231_000_2_SIM",
      "t0cr_20081231_000_1_REDUCE",
      "t0cr_20081231_000_2_REDUCE",
      "t0cr_20081231_000_1_ARCHIVE",
      "t0cr_20081231_000_2_ARCHIVE",
      "t0cr_20081231_1_ARCHIVE_REDUCE",
      "t0cr_20081231_2_ARCHIVE_REDUCE",
      "t0cr_20081231_000_1_CLEAN",
      "t0cr_20081231_000_2_CLEAN"
  ],
  "otherstats": [],
  "periodo_fin": "Tue, 24 Nov 2020 15:26:00 GMT",
  "periodo_ini": "Tue, 24 Nov 2020 03:26:00 GMT",
  "stats": {
      "fail_queued": [
          0.0,
          0.0,
          0.0,
          0.0,
          0.0,
          0.0,
          0.0,
          0.0,
          0.0,
          0.0,
          0.0,
          0.0,
          0.0,
          0.0,
          0.0,
          0.0,
          0.0,
          0.0,
          0.0
      ],
      "fail_run": [
          0.0,
          0.0,
          0.0,
          0.0,
          0.0,
          0.0,
          0.0,
          0.0,
          0.0,
          0.0,
          0.0,
          0.0,
          0.0,
          0.0,
          0.0,
          0.0,
          0.0,
          0.0,
          0.0
      ],
      "failed_jobs": [
          0,
          0,
          0,
          0,
          0,
          0,
          0,
          0,
          0,
          0,
          0,
          0,
          0,
          0,
          0,
          0,
          0,
          0,
          0
      ],
      "max_fail": 0,
      "max_time": 1.0,
      "queued": [
          0.0,
          0.0,
          0.0,
          0.0,
          0.0,
          0.0011111111111111111,
          0.007222222222222222,
          0.0008333333333333334,
          0.08,
          0.0038888888888888888,
          0.0011111111111111111,
          0.07722222222222222,
          0.0008333333333333334,
          0.0002777777777777778,
          0.0,
          0.0,
          0.0,
          0.001388888888888889,
          0.002777777777777778
      ],
      "run": [
          0.0002777777777777778,
          0.0005555555555555556,
          0.0005555555555555556,
          0.03305555555555555,
          0.0019444444444444444,
          0.2991666666666667,
          0.11055555555555556,
          0.015,
          0.015555555555555555,
          0.05472222222222222,
          0.055,
          0.049444444444444444,
          0.052222222222222225,
          0.0038888888888888888,
          0.0044444444444444444,
          0.009722222222222222,
          0.008333333333333333,
          0.0002777777777777778,
          0.0002777777777777778
      ],
      "threshold": 1.0,
      "totals": [
          "Period: 2020-11-24 03:26:00 ~ 2020-11-24 15:26:00",
          "Submitted (#): 19",
          "Run  (#): 19",
          "Failed  (#): 0",
          "Completed (#): 19",
          "Queueing time (h): 0.18",
          "Expected consumption real (h): 8.83",
          "Expected consumption CPU time (h): 583.17",
          "Consumption real (h): 0.71",
          "Consumption CPU time (h): 32.88",
          "Consumption (%): 5.64"
      ]
  }
}