{
    "error": false,
    "error_message": "",
    "jobs": [
      "a2kp_20191203_1_3_ungrib",
      "a2kp_20191203_1_3_metgrid",
      "a2kp_20191203_1_3_real",
      "a2kp_20191203_1_2_WRF",
      "a2kp_20191203_1_3_WRF",
      "a2kp_20191203_1_2_HERMESv2_EU",
      "a2kp_20191203_1_2_MCIP_EU",
      "a2kp_20191203_1_2_ICON_EU",
      "a2kp_20191203_1_3_GET_PARENT_BCON_INPUTS",
      "a2kp_20191203_1_2_PARENT_BCON",
      "a2kp_20191203_1_2_CCTM_EU",
      "a2kp_20191203_1_2_REDUCE_EU",
      "a2kp_20191203_1_2_HERMESv2_IP",
      "a2kp_20191203_1_2_MCIP_IP",
      "a2kp_20191203_1_2_ICON_IP",
      "a2kp_20191203_1_2_BCON_IP",
      "a2kp_20191203_1_2_CCTM_IP",
      "a2kp_20191203_1_2_MCIP_CAT",
      "a2kp_20191203_1_2_ICON_CAT"
    ],
    "otherstats": [],
    "periodo_fin": "Thu, 27 Feb 2020 14:43:00 GMT",
    "periodo_ini": "Thu, 27 Feb 2020 11:43:00 GMT",
    "stats": {
      "fail_queued": [
        0,
        0,
        0,
        0,
        0.2722222222222222,
        0,
        0,
        0,
        0,
        0,
        0,
        0,
        0,
        0,
        0,
        0,
        1.201111111111111,
        0,
        0
      ],
      "fail_run": [
        0,
        0,
        0,
        0,
        0,
        0,
        0,
        0,
        0,
        0,
        0,
        0,
        0,
        0,
        0,
        0,
        0,
        0,
        0
      ],
      "failed_jobs": [
        0,
        0,
        0,
        0,
        1,
        0,
        0,
        0,
        0,
        0,
        0,
        0,
        0,
        0,
        0,
        0,
        1,
        0,
        0
      ],
      "max_fail": 1,
      "max_time": 2,
      "queued": [
        0.1613888888888889,
        0.0044444444444444444,
        0.0016666666666666668,
        0.01,
        0,
        0.008611111111111111,
        0.043055555555555555,
        0.06166666666666667,
        0,
        0.0025,
        0.08388888888888889,
        0.04777777777777778,
        0.023055555555555555,
        0.004166666666666667,
        0.04638888888888889,
        0.0019444444444444444,
        0,
        0.029166666666666667,
        0.025277777777777777
      ],
      "run": [
        0.012222222222222223,
        0.05444444444444444,
        0.017222222222222222,
        1.2761111111111112,
        0,
        0.04027777777777778,
        0.03277777777777778,
        0,
        0.001388888888888889,
        0.06333333333333334,
        0.3763888888888889,
        0.11555555555555555,
        0.04888888888888889,
        0.026944444444444444,
        0,
        0.05138888888888889,
        0,
        0.0175,
        0.0002777777777777778
      ],
      "threshold": 2,
      "totals": [
        "Period: 2020-02-27 11:43:00 ~ 2020-02-27 14:43:00",
        "Submitted (#): 19",
        "Run  (#): 19",
        "Failed  (#): 2",
        "Completed (#): 17",
        "Queueing time (h): 0.56",
        "Expected consumption real (h): 21.67",
        "Expected consumption CPU time (h): 1599.67",
        "Consumption real (h): 2.13",
        "Consumption CPU time (h): 261.6",
        "Consumption (%): 16.35"
      ]
    }
  }