{
  "error": false,
  "error_message": "",
  "jobs": [
      "t07r_LOCAL_SETUP",
      "t07r_20120101_000_1_LOCAL_SEND_INITIAL",
      "t07r_20120101_000_2_LOCAL_SEND_INITIAL",
      "t07r_LOCAL_SEND_SOURCE",
      "t07r_LOCAL_SEND_STATIC",
      "t07r_REMOTE_COMPILE",
      "t07r_20120101_000_PREPROCFIX",
      "t07r_20120101_000_1_PREPROCVAR",
      "t07r_20120101_000_2_PREPROCVAR",
      "t07r_20120101_000_1_SIM",
      "t07r_20120101_000_2_SIM",
      "t07r_20120101_000_1_REDUCE",
      "t07r_20120101_000_2_REDUCE",
      "t07r_20120101_000_1_ARCHIVE",
      "t07r_20120101_000_2_ARCHIVE",
      "t07r_20120101_000_1_CLEAN",
      "t07r_20120101_000_2_CLEAN"
  ],
  "otherstats": [],
  "periodo_fin": "Tue, 24 Nov 2020 15:27:00 GMT",
  "periodo_ini": "Tue, 24 Nov 2020 03:27:00 GMT",
  "stats": {
      "fail_queued": [
          0.0,
          0.0,
          0.0,
          0.0,
          0.0,
          0.0,
          0.0,
          0.0,
          0.0,
          0.0,
          0.0,
          0.0,
          0.0,
          0.0,
          0.0,
          0.0,
          0.0
      ],
      "fail_run": [
          0.0,
          0.0,
          0.0,
          0.0,
          0.0,
          0.0,
          0.0,
          0.0,
          0.0,
          0.0,
          0.0,
          0.0,
          0.0,
          0.0,
          0.0,
          0.0,
          0.0
      ],
      "failed_jobs": [
          0,
          0,
          0,
          0,
          0,
          0,
          0,
          0,
          0,
          0,
          0,
          0,
          0,
          0,
          0,
          0,
          0
      ],
      "max_fail": 0,
      "max_time": 1.0,
      "queued": [
          0.0,
          0.0002777777777777778,
          0.0,
          0.0002777777777777778,
          0.0,
          0.001388888888888889,
          0.0011111111111111111,
          0.005833333333333334,
          0.03666666666666667,
          0.03027777777777778,
          0.0019444444444444444,
          0.0008333333333333334,
          0.0011111111111111111,
          0.0,
          0.0,
          0.0,
          0.0002777777777777778
      ],
      "run": [
          0.0,
          0.021111111111111112,
          0.016944444444444446,
          0.05,
          0.0,
          0.35444444444444445,
          0.2275,
          0.029166666666666667,
          0.027777777777777776,
          0.013888888888888888,
          0.0125,
          0.013888888888888888,
          0.005833333333333334,
          0.017222222222222222,
          0.016944444444444446,
          0.0002777777777777778,
          0.0002777777777777778
      ],
      "threshold": 1.0,
      "totals": [
          "Period: 2020-11-24 03:27:00 ~ 2020-11-24 15:27:00",
          "Submitted (#): 17",
          "Run  (#): 17",
          "Failed  (#): 0",
          "Completed (#): 17",
          "Queueing time (h): 0.08",
          "Expected consumption real (h): 6.33",
          "Expected consumption CPU time (h): 199.33",
          "Consumption real (h): 0.81",
          "Consumption CPU time (h): 7.42",
          "Consumption (%): 3.72"
      ]
  }
}